<?xml version="1.0" encoding="UTF-8"?>
<mretxn:Transaction xmlns:mretxn="http://www.tibco.com/schemas/CopsRainbow/SharedResources/Schemas/EventSchema/MRETransaction" xmlns:xsi="http://www.w3.org/2001/XMLSchema-instance" xsi:schemaLocation="http://www.tibco.com/schemas/CopsRainbow/SharedResources/Schemas/EventSchema/MRETransaction MRETransaction.xsd ">
  <mretxn:TransactionBank>
    <mretxn:AccountCountryCode>111</mretxn:AccountCountryCode>
    <mretxn:ProductCode></mretxn:ProductCode>
    <mretxn:ProductProcessorCode></mretxn:ProductProcessorCode>
    <mretxn:AccountNumber></mretxn:AccountNumber>
    <mretxn:AccountCurrencyCode></mretxn:AccountCurrencyCode>
    <mretxn:CustomerProf></mretxn:CustomerProf>
    <mretxn:AccountCurrency></mretxn:AccountCurrency>
    <mretxn:BranchCode></mretxn:BranchCode>
    <mretxn:AcqID></mretxn:AcqID>
    <mretxn:MerchantCity></mretxn:MerchantCity>
    <mretxn:MerchantCtry></mretxn:MerchantCtry>
    <mretxn:TermID></mretxn:TermID>
    <mretxn:MCC></mretxn:MCC>
    <mretxn:PoseMode></mretxn:PoseMode>
    <mretxn:TDMaturityDate>2016-02-16</mretxn:TDMaturityDate>
    <mretxn:ExpDate></mretxn:ExpDate>
    <mretxn:OtherAcctNbr></mretxn:OtherAcctNbr>
    <mretxn:OtherProdCode></mretxn:OtherProdCode>
    <mretxn:OtherBankCode></mretxn:OtherBankCode>
    <mretxn:OtherBranchCode></mretxn:OtherBranchCode>
    <mretxn:OtherAcctName></mretxn:OtherAcctName>
    <mretxn:OtherAcctAdd1></mretxn:OtherAcctAdd1>
    <mretxn:OtherAcctAdd2></mretxn:OtherAcctAdd2>
    <mretxn:OtherAcctCity></mretxn:OtherAcctCity>
    <mretxn:OtherAcctState></mretxn:OtherAcctState>
    <mretxn:OtherAcctCtry></mretxn:OtherAcctCtry>
    <mretxn:OtherAcctZip></mretxn:OtherAcctZip>
    <mretxn:ChequeNumber>123456</mretxn:ChequeNumber>
    <mretxn:ChequeStatus></mretxn:ChequeStatus>
    <mretxn:DuplicateChequeFlag></mretxn:DuplicateChequeFlag>
    <mretxn:FloatDays></mretxn:FloatDays>
    <mretxn:AcctBal></mretxn:AcctBal>
    <mretxn:AcctLedgBal></mretxn:AcctLedgBal>
    <mretxn:PersonalAmountThresholds></mretxn:PersonalAmountThresholds>
    <mretxn:UniqRefNbr></mretxn:UniqRefNbr>
    <mretxn:AccountStatus></mretxn:AccountStatus>
    <mretxn:AccountCloseRSN></mretxn:AccountCloseRSN>
    <mretxn:TrmDepMatDate></mretxn:TrmDepMatDate>
    <mretxn:Org></mretxn:Org>
    <mretxn:CashWithdrawalDays></mretxn:CashWithdrawalDays>
    <mretxn:CashWithdrawalPeriod></mretxn:CashWithdrawalPeriod>
    <mretxn:CashWithdrawalPercent></mretxn:CashWithdrawalPercent>
    <mretxn:PayeeBankCode></mretxn:PayeeBankCode>
    <mretxn:PayeeBankName></mretxn:PayeeBankName>
    <mretxn:PayeeBranchCode></mretxn:PayeeBranchCode>
    <mretxn:PayeeAccountNumber></mretxn:PayeeAccountNumber>
    <mretxn:PayeeName></mretxn:PayeeName>
    <mretxn:PaymentMode></mretxn:PaymentMode>
    <mretxn:BeginningCheckSerialNumber></mretxn:BeginningCheckSerialNumber>
    <mretxn:EndCheckSerialNumber></mretxn:EndCheckSerialNumber>
    <mretxn:DCEMVFlag></mretxn:DCEMVFlag>
    <mretxn:DCFallBackCount></mretxn:DCFallBackCount>
    <mretxn:TSTransactionCode></mretxn:TSTransactionCode>
    <mretxn:LogOnCountry></mretxn:LogOnCountry>
    <mretxn:FundTransferType></mretxn:FundTransferType>
    <mretxn:ReversalIndicator></mretxn:ReversalIndicator>
    <mretxn:SourceApplication></mretxn:SourceApplication>
    <mretxn:BlockCode></mretxn:BlockCode>
    <mretxn:FirstTxnFlag></mretxn:FirstTxnFlag>
    <mretxn:DCExpiryDate></mretxn:DCExpiryDate>
    <mretxn:FillerField1></mretxn:FillerField1>
    <mretxn:FillerField2></mretxn:FillerField2>
    <mretxn:FillerField3></mretxn:FillerField3>
    <mretxn:FillerField4></mretxn:FillerField4>
    <mretxn:FillerField5></mretxn:FillerField5>
    <mretxn:UniqueId></mretxn:UniqueId>
    <mretxn:AuthText></mretxn:AuthText>
    <mretxn:TxnCntryDate>2016-02-16T00:00:00+05:30</mretxn:TxnCntryDate>
    <mretxn:TxnSubChannel></mretxn:TxnSubChannel>
    <mretxn:TxnCntryTime>2016-02-16T00:00:00+05:30</mretxn:TxnCntryTime>
    <mretxn:BizSegment></mretxn:BizSegment>
    <mretxn:SrcAcctStaffInd></mretxn:SrcAcctStaffInd>
    <mretxn:DestAcctStaffInd></mretxn:DestAcctStaffInd>
    <mretxn:DomicileCntryCD></mretxn:DomicileCntryCD>
    <mretxn:AcctZipCD></mretxn:AcctZipCD>
    <mretxn:BranchNbr></mretxn:BranchNbr>
    <mretxn:TxnEffDate>2016-02-16T00:00:00+05:30</mretxn:TxnEffDate>
    <mretxn:TxnEffTime>2016-02-16T00:00:00+05:30</mretxn:TxnEffTime>
    <mretxn:AvgAcctBal>10000</mretxn:AvgAcctBal>
    <mretxn:ConsolidateAcctBal></mretxn:ConsolidateAcctBal>
    <mretxn:PhoneNum></mretxn:PhoneNum>
    <mretxn:TPinConf></mretxn:TPinConf>
    <mretxn:CpoId></mretxn:CpoId>
    <mretxn:EnrollPhInd></mretxn:EnrollPhInd>
    <mretxn:VerifyQuesIndF></mretxn:VerifyQuesIndF>
    <mretxn:VerifyQuesInd></mretxn:VerifyQuesInd>
    <mretxn:MerchIpAddress></mretxn:MerchIpAddress>
    <mretxn:UserTyp></mretxn:UserTyp>
    <mretxn:AtmLocation></mretxn:AtmLocation>
    <mretxn:EmvChipInd></mretxn:EmvChipInd>
    <mretxn:CustSsnNric></mretxn:CustSsnNric>
    <mretxn:BarcdInfo></mretxn:BarcdInfo>
    <mretxn:DebitType></mretxn:DebitType>
    <mretxn:LsnCode></mretxn:LsnCode>
    <mretxn:CenterCode></mretxn:CenterCode>
    <mretxn:RetnCode></mretxn:RetnCode>
    <mretxn:RetnMsg></mretxn:RetnMsg>
  </mretxn:TransactionBank>
  <mretxn:TransactionDetail>
    <mretxn:TransactionID></mretxn:TransactionID>
    <mretxn:TransactionStatus></mretxn:TransactionStatus>
    <mretxn:TransactionAmount>111</mretxn:TransactionAmount>
    <mretxn:TransactionCurrencyCode></mretxn:TransactionCurrencyCode>
    <mretxn:TransactionDate>2016-02-16T00:00:00+05:30</mretxn:TransactionDate>
    <mretxn:TransactionTime>2016-02-16T00:00:00+05:30</mretxn:TransactionTime>
    <mretxn:TransactionChannel></mretxn:TransactionChannel>
    <mretxn:TransactionType></mretxn:TransactionType>
    <mretxn:CreditOrDebitIndicator></mretxn:CreditOrDebitIndicator>
    <mretxn:TransactionCode></mretxn:TransactionCode>
    <mretxn:GRBCustomerNumber></mretxn:GRBCustomerNumber>
    <mretxn:GRBRelationshipNumber></mretxn:GRBRelationshipNumber>
    <mretxn:TransactionCountry></mretxn:TransactionCountry>
    <mretxn:TransactionState></mretxn:TransactionState>
    <mretxn:TransactionCity></mretxn:TransactionCity>
    <mretxn:ResponseCode></mretxn:ResponseCode>
    <mretxn:DeclineReasonCode></mretxn:DeclineReasonCode>
    <mretxn:IPAddressInternetTxn></mretxn:IPAddressInternetTxn>
    <mretxn:MACAddress></mretxn:MACAddress>
    <mretxn:BlockReasonCode></mretxn:BlockReasonCode>
    <mretxn:BAFESTransactionCode></mretxn:BAFESTransactionCode>
    <mretxn:AuthorizationDescription></mretxn:AuthorizationDescription>
    <mretxn:ApprovalCode></mretxn:ApprovalCode>
    <mretxn:OnlineErrorReturnMsg></mretxn:OnlineErrorReturnMsg>
    <mretxn:AdditionalTnxDescription1></mretxn:AdditionalTnxDescription1>
    <mretxn:AdditionalTnxDescription2></mretxn:AdditionalTnxDescription2>
    <mretxn:AdditionalTnxDescription3></mretxn:AdditionalTnxDescription3>
    <mretxn:AdditionalTnxDescription4></mretxn:AdditionalTnxDescription4>
    <mretxn:UserDataField1></mretxn:UserDataField1>
    <mretxn:UserDataField2></mretxn:UserDataField2>
    <mretxn:CardNumber></mretxn:CardNumber>
    <mretxn:MerchantName></mretxn:MerchantName>
    <mretxn:MerchantID></mretxn:MerchantID>
  </mretxn:TransactionDetail>
  <mretxn:TransactionCard>
    <mretxn:MerchantKey></mretxn:MerchantKey>
    <mretxn:MerchantOrg></mretxn:MerchantOrg>
    <mretxn:MerchantNumber></mretxn:MerchantNumber>
    <mretxn:OperatorID></mretxn:OperatorID>
    <mretxn:ApprovalID></mretxn:ApprovalID>
    <mretxn:OASATC></mretxn:OASATC>
    <mretxn:ApprovalTC></mretxn:ApprovalTC>
    <mretxn:VisaDeclineReferralTC></mretxn:VisaDeclineReferralTC>
    <mretxn:AddlRecTable>
      <mretxn:record>
        <mretxn:AmountType></mretxn:AmountType>
        <mretxn:AdditionalAmount></mretxn:AdditionalAmount>
        <mretxn:CurrencyCode></mretxn:CurrencyCode>
        <mretxn:AccountType></mretxn:AccountType>
      </mretxn:record>
    </mretxn:AddlRecTable>
    <mretxn:MasterApprovalTC></mretxn:MasterApprovalTC>
    <mretxn:MasterDeclineTC></mretxn:MasterDeclineTC>
    <mretxn:JCBApprovalTC></mretxn:JCBApprovalTC>
    <mretxn:FromAccountCode></mretxn:FromAccountCode>
    <mretxn:ToAccountCode></mretxn:ToAccountCode>
    <mretxn:ChBlngAmt></mretxn:ChBlngAmt>
    <mretxn:GMTDateTime>2016-02-16</mretxn:GMTDateTime>
    <mretxn:ChRateConversion></mretxn:ChRateConversion>
    <mretxn:CDCAmount></mretxn:CDCAmount>
    <mretxn:ExpiryDate>2016-02-16</mretxn:ExpiryDate>
    <mretxn:ExpiryDateMM>2016-02-16</mretxn:ExpiryDateMM>
    <mretxn:ExpiryDateYY>2016-02-16</mretxn:ExpiryDateYY>
    <mretxn:MerchantType></mretxn:MerchantType>
    <mretxn:CountryCode></mretxn:CountryCode>
    <mretxn:PosEntryMode></mretxn:PosEntryMode>
    <mretxn:PinCAP></mretxn:PinCAP>
    <mretxn:AcquirerID></mretxn:AcquirerID>
    <mretxn:ForwardID></mretxn:ForwardID>
    <mretxn:AuthorizationCode></mretxn:AuthorizationCode>
    <mretxn:SvcRestCode></mretxn:SvcRestCode>
    <mretxn:CardAcceptRec></mretxn:CardAcceptRec>
    <mretxn:CardAcceptStore></mretxn:CardAcceptStore>
    <mretxn:MerchantID></mretxn:MerchantID>
    <mretxn:AcceptorIDCode></mretxn:AcceptorIDCode>
    <mretxn:ChbCurrencyCode></mretxn:ChbCurrencyCode>
    <mretxn:ForceFlag></mretxn:ForceFlag>
    <mretxn:InputSource></mretxn:InputSource>
    <mretxn:CardType></mretxn:CardType>
    <mretxn:RevCode></mretxn:RevCode>
    <mretxn:UnderMerchFloor></mretxn:UnderMerchFloor>
    <mretxn:SourceTerminal></mretxn:SourceTerminal>
    <mretxn:TimeSent></mretxn:TimeSent>
    <mretxn:ABSTimeSent>2016-02-16</mretxn:ABSTimeSent>
    <mretxn:TimeReceived>2016-02-16</mretxn:TimeReceived>
    <mretxn:ABSTimeReceived>2016-02-16</mretxn:ABSTimeReceived>
    <mretxn:DeclineReason></mretxn:DeclineReason>
    <mretxn:SourceTransID></mretxn:SourceTransID>
    <mretxn:MerchantName></mretxn:MerchantName>
    <mretxn:CardSequenceNumber></mretxn:CardSequenceNumber>
    <mretxn:ReferralReason></mretxn:ReferralReason>
    <mretxn:SuspiciousInd></mretxn:SuspiciousInd>
    <mretxn:CMRiskLevel></mretxn:CMRiskLevel>
    <mretxn:CRLimit></mretxn:CRLimit>
    <mretxn:AvailCredit></mretxn:AvailCredit>
    <mretxn:CommitAmount></mretxn:CommitAmount>
    <mretxn:TotalApprovalCount></mretxn:TotalApprovalCount>
    <mretxn:TotalDeclineCount></mretxn:TotalDeclineCount>
    <mretxn:XdaysApprCount></mretxn:XdaysApprCount>
    <mretxn:TrackDataInd></mretxn:TrackDataInd>
    <mretxn:SeltDate>2016-02-16</mretxn:SeltDate>
    <mretxn:CRDAcceptRec></mretxn:CRDAcceptRec>
    <mretxn:ReferralCode></mretxn:ReferralCode>
    <mretxn:RCCheckNumber></mretxn:RCCheckNumber>
    <mretxn:SettleIndicator></mretxn:SettleIndicator>
    <mretxn:TransactionSource></mretxn:TransactionSource>
    <mretxn:TransactionAdvice></mretxn:TransactionAdvice>
    <mretxn:FullChipTransaction></mretxn:FullChipTransaction>
    <mretxn:AcquirerIndicator></mretxn:AcquirerIndicator>
    <mretxn:TermEntCap></mretxn:TermEntCap>
    <mretxn:CHIPConditionCode></mretxn:CHIPConditionCode>
    <mretxn:CCPSTransIndicator></mretxn:CCPSTransIndicator>
    <mretxn:ICCIsaCBAFlag></mretxn:ICCIsaCBAFlag>
    <mretxn:ICCOPTIssCurrency></mretxn:ICCOPTIssCurrency>
    <mretxn:ICCOPTIssExpiry></mretxn:ICCOPTIssExpiry>
    <mretxn:CurrencyBehaviorScore></mretxn:CurrencyBehaviorScore>
    <mretxn:AuthScenID></mretxn:AuthScenID>
    <mretxn:AuthStgyID></mretxn:AuthStgyID>
    <mretxn:AuthorDigitGroup></mretxn:AuthorDigitGroup>
    <mretxn:ReturnMsgDecline></mretxn:ReturnMsgDecline>
    <mretxn:VisaAuthData></mretxn:VisaAuthData>
    <mretxn:VisaPosCondCode></mretxn:VisaPosCondCode>
    <mretxn:VisaStipRespCode></mretxn:VisaStipRespCode>
    <mretxn:VisaIssuRetCode></mretxn:VisaIssuRetCode>
    <mretxn:VisaStipRetCode></mretxn:VisaStipRetCode>
    <mretxn:VisaAvsResult></mretxn:VisaAvsResult>
    <mretxn:StateCode></mretxn:StateCode>
    <mretxn:CountyCode></mretxn:CountyCode>
    <mretxn:Zip9></mretxn:Zip9>
    <mretxn:Zip5></mretxn:Zip5>
    <mretxn:TransactionID></mretxn:TransactionID>
    <mretxn:RepeatTransaction></mretxn:RepeatTransaction>
    <mretxn:VisaMerchantGroup></mretxn:VisaMerchantGroup>
    <mretxn:VisaSourceStationID></mretxn:VisaSourceStationID>
    <mretxn:VisaVisaphoneCode></mretxn:VisaVisaphoneCode>
    <mretxn:VisaAutoSvcCode></mretxn:VisaAutoSvcCode>
    <mretxn:VisaCWDenialRSN></mretxn:VisaCWDenialRSN>
    <mretxn:VisaPacmDvrLevel></mretxn:VisaPacmDvrLevel>
    <mretxn:VisaPacmDvrRSN></mretxn:VisaPacmDvrRSN>
    <mretxn:VisaCaResult></mretxn:VisaCaResult>
    <mretxn:VisaDebitOrg></mretxn:VisaDebitOrg>
    <mretxn:VisaDebitType></mretxn:VisaDebitType>
    <mretxn:VisaDebitAccount></mretxn:VisaDebitAccount>
    <mretxn:VisaDebitRiskLevel></mretxn:VisaDebitRiskLevel>
    <mretxn:VisaDebitTipAmount></mretxn:VisaDebitTipAmount>
    <mretxn:VisaTermCountryCode></mretxn:VisaTermCountryCode>
    <mretxn:VisatTermTransactionDate>2016-02-16</mretxn:VisatTermTransactionDate>
    <mretxn:MasterTCType></mretxn:MasterTCType>
    <mretxn:MasterSpecialTCFlag></mretxn:MasterSpecialTCFlag>
    <mretxn:MasterStateCode></mretxn:MasterStateCode>
    <mretxn:MasterPosDevice></mretxn:MasterPosDevice>
    <mretxn:MasterAvsOptionCode></mretxn:MasterAvsOptionCode>
    <mretxn:MasterAvsResult></mretxn:MasterAvsResult>
    <mretxn:MasterAuthAgentOld></mretxn:MasterAuthAgentOld>
    <mretxn:MasterPaymentSvcIndicator></mretxn:MasterPaymentSvcIndicator>
    <mretxn:MasterValidationCode></mretxn:MasterValidationCode>
    <mretxn:MasterDownGrade></mretxn:MasterDownGrade>
    <mretxn:MasterReptRteConversion></mretxn:MasterReptRteConversion>
    <mretxn:MasterAuthAgentID></mretxn:MasterAuthAgentID>
    <mretxn:DinersResponseCode></mretxn:DinersResponseCode>
    <mretxn:DinersStandingCode></mretxn:DinersStandingCode>
    <mretxn:DinersMerchantGroup></mretxn:DinersMerchantGroup>
    <mretxn:DinersReqFranchise></mretxn:DinersReqFranchise>
    <mretxn:DinersOwnFranchise></mretxn:DinersOwnFranchise>
    <mretxn:DinersErrorCode></mretxn:DinersErrorCode>
    <mretxn:FullAuthReasonCode></mretxn:FullAuthReasonCode>
    <mretxn:DinersReferralResponse></mretxn:DinersReferralResponse>
    <mretxn:DinersTimer></mretxn:DinersTimer>
    <mretxn:CardProduct></mretxn:CardProduct>
    <mretxn:ResponseCode></mretxn:ResponseCode>
    <mretxn:RegionCodes></mretxn:RegionCodes>
    <mretxn:OldOverridePurgeDate>2016-02-16</mretxn:OldOverridePurgeDate>
    <mretxn:NewOverridePurgeDate>2016-02-16</mretxn:NewOverridePurgeDate>
    <mretxn:OldOverrideCode></mretxn:OldOverrideCode>
    <mretxn:NewOverrideCode></mretxn:NewOverrideCode>
    <mretxn:OldInstantUpgrade></mretxn:OldInstantUpgrade>
    <mretxn:NewInstantUpdade></mretxn:NewInstantUpdade>
    <mretxn:InstantUpgradeVerifyID></mretxn:InstantUpgradeVerifyID>
    <mretxn:PinCustomerNumber></mretxn:PinCustomerNumber>
    <mretxn:OldPinOffset></mretxn:OldPinOffset>
    <mretxn:NewPinOffset></mretxn:NewPinOffset>
    <mretxn:NewPinKey></mretxn:NewPinKey>
    <mretxn:OldPinRetryCount></mretxn:OldPinRetryCount>
    <mretxn:NewPinRetryCount></mretxn:NewPinRetryCount>
    <mretxn:OldSetStatus></mretxn:OldSetStatus>
    <mretxn:NewSetStatus></mretxn:NewSetStatus>
    <mretxn:OldSetReason></mretxn:OldSetReason>
    <mretxn:NewSetReason></mretxn:NewSetReason>
    <mretxn:OldSetDateProc></mretxn:OldSetDateProc>
    <mretxn:NewSetDateProc></mretxn:NewSetDateProc>
    <mretxn:OfflineBlock></mretxn:OfflineBlock>
    <mretxn:OldEmvCardUse></mretxn:OldEmvCardUse>
    <mretxn:PreviousEmvCardUseIndicator></mretxn:PreviousEmvCardUseIndicator>
    <mretxn:NewEmvCardUse></mretxn:NewEmvCardUse>
    <mretxn:SettAmount></mretxn:SettAmount>
    <mretxn:SettDate></mretxn:SettDate>
    <mretxn:CardAcceptTerm></mretxn:CardAcceptTerm>
    <mretxn:SettCurrencyCode></mretxn:SettCurrencyCode>
    <mretxn:ConsCommitAmount></mretxn:ConsCommitAmount>
    <mretxn:DciIntfAmount></mretxn:DciIntfAmount>
    <mretxn:DciIntfCurrencyCode></mretxn:DciIntfCurrencyCode>
    <mretxn:DinersActionCode></mretxn:DinersActionCode>
    <mretxn:DinersCardCurrency></mretxn:DinersCardCurrency>
    <mretxn:EdcIndicator></mretxn:EdcIndicator>
    <mretxn:ExceptionResponseCode></mretxn:ExceptionResponseCode>
    <mretxn:FromOldCardIndicator></mretxn:FromOldCardIndicator>
    <mretxn:InstUpgChangeType></mretxn:InstUpgChangeType>
    <mretxn:InstUpgLimit></mretxn:InstUpgLimit>
    <mretxn:InstUpgPurgeDate>2016-02-16</mretxn:InstUpgPurgeDate>
    <mretxn:ISOResponseCode></mretxn:ISOResponseCode>
    <mretxn:OverrideCodePurgeDate>2016-02-16</mretxn:OverrideCodePurgeDate>
    <mretxn:PhoneCardResponseCode></mretxn:PhoneCardResponseCode>
    <mretxn:PinTermID></mretxn:PinTermID>
    <mretxn:TPinResetIndicator></mretxn:TPinResetIndicator>
    <mretxn:MasterSetlementDate>2016-02-16</mretxn:MasterSetlementDate>
    <mretxn:CardAuthorRI></mretxn:CardAuthorRI>
    <mretxn:ProcessCode></mretxn:ProcessCode>
    <mretxn:ChBilingAmount></mretxn:ChBilingAmount>
    <mretxn:CRCDecSep></mretxn:CRCDecSep>
    <mretxn:ExpiryDatePresence></mretxn:ExpiryDatePresence>
    <mretxn:PosEmPan></mretxn:PosEmPan>
    <mretxn:CardSeqNbr></mretxn:CardSeqNbr>
    <mretxn:TypeBMerchantID></mretxn:TypeBMerchantID>
    <mretxn:ICCpseudoTerm></mretxn:ICCpseudoTerm>
    <mretxn:CMBlockCode></mretxn:CMBlockCode>
    <mretxn:CW2CVC2></mretxn:CW2CVC2>
    <mretxn:CW2Presence></mretxn:CW2Presence>
    <mretxn:ExceptionPurgeDate>2016-02-16</mretxn:ExceptionPurgeDate>
    <mretxn:IccIsaCCAAmount></mretxn:IccIsaCCAAmount>
    <mretxn:IccIsaCCASettlement></mretxn:IccIsaCCASettlement>
    <mretxn:ICCOIFCBAAmount></mretxn:ICCOIFCBAAmount>
    <mretxn:ICCOptIssAmount></mretxn:ICCOptIssAmount>
    <mretxn:InvCWCVC2Indicator></mretxn:InvCWCVC2Indicator>
    <mretxn:InvCWCVCIndicator></mretxn:InvCWCVCIndicator>
    <mretxn:JetcoAcquirerBin></mretxn:JetcoAcquirerBin>
    <mretxn:MasterSettlementAmount></mretxn:MasterSettlementAmount>
    <mretxn:MasterRRCAmount></mretxn:MasterRRCAmount>
    <mretxn:MasterRRCDecSep></mretxn:MasterRRCDecSep>
    <mretxn:MasterRetrivalNumber></mretxn:MasterRetrivalNumber>
    <mretxn:MasterResponseCode></mretxn:MasterResponseCode>
    <mretxn:MasterECI></mretxn:MasterECI>
    <mretxn:MasterInvoiceCvcIndicator></mretxn:MasterInvoiceCvcIndicator>
    <mretxn:MasterTRK2ErrorIndicator></mretxn:MasterTRK2ErrorIndicator>
    <mretxn:MasterTrk2TfmIndicator></mretxn:MasterTrk2TfmIndicator>
    <mretxn:MasterTransactionIndicator></mretxn:MasterTransactionIndicator>
    <mretxn:MasterUCAF></mretxn:MasterUCAF>
    <mretxn:MasterUCAFData></mretxn:MasterUCAFData>
    <mretxn:MasterCardTermIndicator></mretxn:MasterCardTermIndicator>
    <mretxn:MasterPosData></mretxn:MasterPosData>
    <mretxn:MasterPosDataLen></mretxn:MasterPosDataLen>
    <mretxn:MasterBnkntDataRec></mretxn:MasterBnkntDataRec>
    <mretxn:MasterBnkntRefNumber></mretxn:MasterBnkntRefNumber>
    <mretxn:MasterFnclNetworkCode></mretxn:MasterFnclNetworkCode>
    <mretxn:MasterChipData></mretxn:MasterChipData>
    <mretxn:MasterDownOption></mretxn:MasterDownOption>
    <mretxn:MasterDownReason></mretxn:MasterDownReason>
    <mretxn:MasterOptional0130></mretxn:MasterOptional0130>
    <mretxn:MasterOptional3160></mretxn:MasterOptional3160>
    <mretxn:MasterOptionalData></mretxn:MasterOptionalData>
    <mretxn:MasterOptionalDataLen></mretxn:MasterOptionalDataLen>
    <mretxn:NewAltBlockCodeR></mretxn:NewAltBlockCodeR>
    <mretxn:TerminalID></mretxn:TerminalID>
    <mretxn:TraceNbr></mretxn:TraceNbr>
    <mretxn:TrackData></mretxn:TrackData>
    <mretxn:ValidCAWIndicator></mretxn:ValidCAWIndicator>
    <mretxn:VisaSystemAuditTrace></mretxn:VisaSystemAuditTrace>
    <mretxn:VisaB044CAW></mretxn:VisaB044CAW>
    <mretxn:VisaCAWReturnCode></mretxn:VisaCAWReturnCode>
    <mretxn:VisaPacmRsn></mretxn:VisaPacmRsn>
    <mretxn:VisaAdditional0130></mretxn:VisaAdditional0130>
    <mretxn:VisaAdditional3160></mretxn:VisaAdditional3160>
    <mretxn:VisaAdditionalData></mretxn:VisaAdditionalData>
    <mretxn:VisaAdditionalDataLength></mretxn:VisaAdditionalDataLength>
    <mretxn:VisaCountryCodeX></mretxn:VisaCountryCodeX>
    <mretxn:VisaPosGeoDataLength></mretxn:VisaPosGeoDataLength>
    <mretxn:VisaPosGeoDataRecord></mretxn:VisaPosGeoDataRecord>
    <mretxn:VisaStateCodeX></mretxn:VisaStateCodeX>
    <mretxn:VisaPosEntryCode></mretxn:VisaPosEntryCode>
    <mretxn:VisaPosEntryLength></mretxn:VisaPosEntryLength>
    <mretxn:VisaAmountLength></mretxn:VisaAmountLength>
    <mretxn:VisaAmountSub01></mretxn:VisaAmountSub01>
    <mretxn:VisaAmountSub02></mretxn:VisaAmountSub02>
    <mretxn:VisaAmountSub03></mretxn:VisaAmountSub03>
    <mretxn:VisaPaymentSvcIndicator></mretxn:VisaPaymentSvcIndicator>
    <mretxn:VisaPaymentSvcLength></mretxn:VisaPaymentSvcLength>
    <mretxn:VisaValidationCode></mretxn:VisaValidationCode>
    <mretxn:VisaAccountTransactionAmount></mretxn:VisaAccountTransactionAmount>
    <mretxn:VisaB126CAW></mretxn:VisaB126CAW>
    <mretxn:VisaXid></mretxn:VisaXid>
    <mretxn:VisaTermCapProf></mretxn:VisaTermCapProf>
    <mretxn:VisaTermVerificationRS></mretxn:VisaTermVerificationRS>
    <mretxn:VisaUnpredictNumber></mretxn:VisaUnpredictNumber>
    <mretxn:VisaTermSerialNumber></mretxn:VisaTermSerialNumber>
    <mretxn:VisaDiscrData></mretxn:VisaDiscrData>
    <mretxn:VisaDiscrLength></mretxn:VisaDiscrLength>
    <mretxn:VisaIssDiscrData></mretxn:VisaIssDiscrData>
    <mretxn:VisaIssDiscrLength></mretxn:VisaIssDiscrLength>
    <mretxn:VisaCryptogram></mretxn:VisaCryptogram>
    <mretxn:VisaAppTransactionCounter></mretxn:VisaAppTransactionCounter>
    <mretxn:VisaAppIntegProf></mretxn:VisaAppIntegProf>
    <mretxn:VisaArpcData></mretxn:VisaArpcData>
    <mretxn:VisaIssAuthData></mretxn:VisaIssAuthData>
    <mretxn:VisaIssAuthLength></mretxn:VisaIssAuthLength>
    <mretxn:VisaIssScriptData></mretxn:VisaIssScriptData>
    <mretxn:VisaIssScriptLength></mretxn:VisaIssScriptLength>
    <mretxn:VisaIssScriptr></mretxn:VisaIssScriptr>
    <mretxn:VisaIssScriptrLength></mretxn:VisaIssScriptrLength>
    <mretxn:VisaCrytoTransactionType></mretxn:VisaCrytoTransactionType>
    <mretxn:VisaCryptoAmount></mretxn:VisaCryptoAmount>
    <mretxn:VisaCryptoCurrencyCode></mretxn:VisaCryptoCurrencyCode>
    <mretxn:VisaCryptoCashback></mretxn:VisaCryptoCashback>
    <mretxn:VisaDebitTipAmountV99></mretxn:VisaDebitTipAmountV99>
    <mretxn:TransactionAmountV99></mretxn:TransactionAmountV99>
    <mretxn:AccountType></mretxn:AccountType>
    <mretxn:CurrencyCode></mretxn:CurrencyCode>
    <mretxn:Batchnumber></mretxn:Batchnumber>
    <mretxn:BlockMaintFlag></mretxn:BlockMaintFlag>
    <mretxn:CardMaintOperatorID></mretxn:CardMaintOperatorID>
    <mretxn:CardMaintType></mretxn:CardMaintType>
    <mretxn:ICCOrigB051></mretxn:ICCOrigB051>
    <mretxn:NewBlockCode></mretxn:NewBlockCode>
    <mretxn:NewBlockCodeDate>2016-02-16</mretxn:NewBlockCodeDate>
    <mretxn:NewBlockCodeR></mretxn:NewBlockCodeR>
    <mretxn:NewBlockCodeTime>2016-02-16</mretxn:NewBlockCodeTime>
    <mretxn:OldBlockCode></mretxn:OldBlockCode>
    <mretxn:OldBlockCodeR></mretxn:OldBlockCodeR>
    <mretxn:OnlinePrint></mretxn:OnlinePrint>
    <mretxn:OptionalDataIndicator></mretxn:OptionalDataIndicator>
    <mretxn:Org></mretxn:Org>
    <mretxn:PinDataPresent></mretxn:PinDataPresent>
    <mretxn:PinKey></mretxn:PinKey>
    <mretxn:PinOffset></mretxn:PinOffset>
    <mretxn:PrevBlockCode></mretxn:PrevBlockCode>
    <mretxn:PrevBlockCodeR></mretxn:PrevBlockCodeR>
    <mretxn:RecordType></mretxn:RecordType>
    <mretxn:RefNumber></mretxn:RefNumber>
    <mretxn:RefNumberX></mretxn:RefNumberX>
    <mretxn:ReplaceDigit></mretxn:ReplaceDigit>
    <mretxn:SpeicalHandlingFile></mretxn:SpeicalHandlingFile>
    <mretxn:SuppIndicator></mretxn:SuppIndicator>
    <mretxn:VisaB060910></mretxn:VisaB060910>
    <mretxn:TerminalIDX></mretxn:TerminalIDX>
    <mretxn:TFC0005CWSPID></mretxn:TFC0005CWSPID>
    <mretxn:KeyEOD></mretxn:KeyEOD>
    <mretxn:KeyTieBreak></mretxn:KeyTieBreak>
    <mretxn:KeyFileSeg></mretxn:KeyFileSeg>
    <mretxn:EODIndicator></mretxn:EODIndicator>
    <mretxn:ActivityData></mretxn:ActivityData>
    <mretxn:MessageArea></mretxn:MessageArea>
    <mretxn:SpecialRecordType></mretxn:SpecialRecordType>
    <mretxn:MaintenanceRecord></mretxn:MaintenanceRecord>
    <mretxn:LocalTxnTime></mretxn:LocalTxnTime>
    <mretxn:LocalTxnDate></mretxn:LocalTxnDate>
    <mretxn:RetrievalNumber></mretxn:RetrievalNumber>
    <mretxn:AMEDCrLimit></mretxn:AMEDCrLimit>
    <mretxn:AMBSCrLimit></mretxn:AMBSCrLimit>
    <mretxn:AMRMCrLimit></mretxn:AMRMCrLimit>
    <mretxn:AMEDAvailCrLimit></mretxn:AMEDAvailCrLimit>
    <mretxn:AMBSAvailCrLimit></mretxn:AMBSAvailCrLimit>
    <mretxn:AMRMAvailCrLimit></mretxn:AMRMAvailCrLimit>
    <mretxn:AMEDCommitAmount></mretxn:AMEDCommitAmount>
    <mretxn:AMBSCommitAmount></mretxn:AMBSCommitAmount>
    <mretxn:AMRMCommitAmount></mretxn:AMRMCommitAmount>
    <mretxn:AMEDEWSBlockCode></mretxn:AMEDEWSBlockCode>
    <mretxn:AMBSEWSBlockCode1></mretxn:AMBSEWSBlockCode1>
    <mretxn:AMBSEWSBlockCode2></mretxn:AMBSEWSBlockCode2>
    <mretxn:AMRMEWSBlockCode></mretxn:AMRMEWSBlockCode>
    <mretxn:EWSRiskLevel></mretxn:EWSRiskLevel>
    <mretxn:EWSActivationInd></mretxn:EWSActivationInd>
    <mretxn:EWSActivationDate></mretxn:EWSActivationDate>
    <mretxn:EWSBSScore></mretxn:EWSBSScore>
    <mretxn:EWSAmountAuthToday></mretxn:EWSAmountAuthToday>
    <mretxn:DailyRTLNumber></mretxn:DailyRTLNumber>
    <mretxn:DailyRTLAmount></mretxn:DailyRTLAmount>
    <mretxn:DailyCashNumber></mretxn:DailyCashNumber>
    <mretxn:DailyCashAmount></mretxn:DailyCashAmount>
    <mretxn:DailyMCCNumber></mretxn:DailyMCCNumber>
    <mretxn:DailyMCCAmount></mretxn:DailyMCCAmount>
    <mretxn:XDaysRTLNumber></mretxn:XDaysRTLNumber>
    <mretxn:XDaysRTLAmount></mretxn:XDaysRTLAmount>
    <mretxn:XDaysCashNumber></mretxn:XDaysCashNumber>
    <mretxn:XDaysCashAmount></mretxn:XDaysCashAmount>
    <mretxn:XDaysMCCAmount></mretxn:XDaysMCCAmount>
    <mretxn:DeclRSN></mretxn:DeclRSN>
    <mretxn:MatchedInd></mretxn:MatchedInd>
    <mretxn:AuthorisationClass></mretxn:AuthorisationClass>
    <mretxn:AMBSAccount></mretxn:AMBSAccount>
    <mretxn:AMRMRelOrg></mretxn:AMRMRelOrg>
    <mretxn:AMRMRelNumber></mretxn:AMRMRelNumber>
    <mretxn:BlockRSNAMED></mretxn:BlockRSNAMED>
    <mretxn:BlockRSNAMBS1></mretxn:BlockRSNAMBS1>
    <mretxn:BlockRSNAMBS2></mretxn:BlockRSNAMBS2>
    <mretxn:AMBSDateOpened></mretxn:AMBSDateOpened>
    <mretxn:InvalidPinTries></mretxn:InvalidPinTries>
    <mretxn:CLOGRecType></mretxn:CLOGRecType>
    <mretxn:FISpid></mretxn:FISpid>
    <mretxn:FITestDigits></mretxn:FITestDigits>
    <mretxn:FIAuthDigitGroup></mretxn:FIAuthDigitGroup>
    <mretxn:FIAuthStragegyID></mretxn:FIAuthStragegyID>
    <mretxn:CLOGAuthReport></mretxn:CLOGAuthReport>
    <mretxn:CLOGAuthDecision></mretxn:CLOGAuthDecision>
    <mretxn:PMTCycleDue></mretxn:PMTCycleDue>
    <mretxn:CLOGTransType></mretxn:CLOGTransType>
    <mretxn:AmtCTDCash></mretxn:AmtCTDCash>
    <mretxn:CashCRLIM></mretxn:CashCRLIM>
    <mretxn:CLOGAmountOutStd></mretxn:CLOGAmountOutStd>
    <mretxn:ICCInstId></mretxn:ICCInstId>
    <mretxn:ICCISSNetwID></mretxn:ICCISSNetwID>
    <mretxn:ICCAcqNetwID></mretxn:ICCAcqNetwID>
    <mretxn:FICurrBehaviorScore></mretxn:FICurrBehaviorScore>
    <mretxn:FIAuthScnID></mretxn:FIAuthScnID>
    <mretxn:FraudCPInd></mretxn:FraudCPInd>
    <mretxn:FraudOrigPosEntry></mretxn:FraudOrigPosEntry>
    <mretxn:RecurringInd></mretxn:RecurringInd>
    <mretxn:InstlInd></mretxn:InstlInd>
    <mretxn:UtilityInd></mretxn:UtilityInd>
    <mretxn:MotoInd></mretxn:MotoInd>
    <mretxn:CallCardInd></mretxn:CallCardInd>
    <mretxn:ATIAOrgNumber></mretxn:ATIAOrgNumber>
    <mretxn:LocalCurrencyCode></mretxn:LocalCurrencyCode>
    <mretxn:ATIAAuthAmount></mretxn:ATIAAuthAmount>
    <mretxn:OrigTypeMessageId></mretxn:OrigTypeMessageId>
    <mretxn:JetcoAcqBin></mretxn:JetcoAcqBin>
    <mretxn:ODLYCashAmount></mretxn:ODLYCashAmount>
    <mretxn:OMLYCashAmount></mretxn:OMLYCashAmount>
    <mretxn:Month6CashAmount></mretxn:Month6CashAmount>
    <mretxn:Month12CashAmount></mretxn:Month12CashAmount>
    <mretxn:ExchangeTxn></mretxn:ExchangeTxn>
    <mretxn:OVSPurchaseLimit></mretxn:OVSPurchaseLimit>
    <mretxn:OVSPurchaseAvail></mretxn:OVSPurchaseAvail>
    <mretxn:OVSCashLimit></mretxn:OVSCashLimit>
    <mretxn:OVSInternetLimit></mretxn:OVSInternetLimit>
    <mretxn:OVSInternetAvail></mretxn:OVSInternetAvail>
    <mretxn:AMBSCashAvail></mretxn:AMBSCashAvail>
    <mretxn:AMEDCashAvail></mretxn:AMEDCashAvail>
    <mretxn:AMEDPostToAcc></mretxn:AMEDPostToAcc>
    <mretxn:ICCCBAFlag></mretxn:ICCCBAFlag>
    <mretxn:CCASettlementFee></mretxn:CCASettlementFee>
    <mretxn:MasterDebitOrg></mretxn:MasterDebitOrg>
    <mretxn:MasterDebitType></mretxn:MasterDebitType>
    <mretxn:MasterDebitAcct></mretxn:MasterDebitAcct>
    <mretxn:MasterDebitRiskLevel></mretxn:MasterDebitRiskLevel>
    <mretxn:MasterDebitCardInd></mretxn:MasterDebitCardInd>
    <mretxn:MasterDebitTipAmt></mretxn:MasterDebitTipAmt>
    <mretxn:AfewsOnlineMode></mretxn:AfewsOnlineMode>
    <mretxn:AfewsOnlineRC1></mretxn:AfewsOnlineRC1>
    <mretxn:RefrlQSTN1></mretxn:RefrlQSTN1>
    <mretxn:RefrlQSTN2></mretxn:RefrlQSTN2>
    <mretxn:RefrlQSTN3></mretxn:RefrlQSTN3>
    <mretxn:GlobalCountryCode></mretxn:GlobalCountryCode>
    <mretxn:AfewsFalconDSCN></mretxn:AfewsFalconDSCN>
    <mretxn:MasterInvCVC2></mretxn:MasterInvCVC2>
    <mretxn:MasterPOSCondCode></mretxn:MasterPOSCondCode>
    <mretxn:MasterFNCLCode></mretxn:MasterFNCLCode>
    <mretxn:MasterBNKNTREFNumber></mretxn:MasterBNKNTREFNumber>
    <mretxn:DinersSYSTrace></mretxn:DinersSYSTrace>
    <mretxn:ISORespCode></mretxn:ISORespCode>
    <mretxn:CardRespCode></mretxn:CardRespCode>
    <mretxn:DinersCVVInd></mretxn:DinersCVVInd>
    <mretxn:DinersDupInd></mretxn:DinersDupInd>
    <mretxn:DinersRecurInd></mretxn:DinersRecurInd>
    <mretxn:EppTenor></mretxn:EppTenor>
    <mretxn:EppPromoId></mretxn:EppPromoId>
    <mretxn:AltOrgId></mretxn:AltOrgId>
    <mretxn:AmexTCType></mretxn:AmexTCType>
    <mretxn:AmexResCode></mretxn:AmexResCode>
    <mretxn:AmexISOResCode></mretxn:AmexISOResCode>
    <mretxn:AmexLclTxnDTTime></mretxn:AmexLclTxnDTTime>
    <mretxn:AmexEffDate></mretxn:AmexEffDate>
    <mretxn:AmexPosDataCode></mretxn:AmexPosDataCode>
    <mretxn:AmexFunCode></mretxn:AmexFunCode>
    <mretxn:AmexMsgRsnCode></mretxn:AmexMsgRsnCode>
    <mretxn:AmexCardBusCode></mretxn:AmexCardBusCode>
    <mretxn:AmexOrigAmntData01To12></mretxn:AmexOrigAmntData01To12>
    <mretxn:AmexOrigAmntData13To24></mretxn:AmexOrigAmntData13To24>
    <mretxn:AmexAcqRefNbr></mretxn:AmexAcqRefNbr>
    <mretxn:AmexActionCode></mretxn:AmexActionCode>
    <mretxn:AmexCardAcceptName></mretxn:AmexCardAcceptName>
    <mretxn:AmexAdtlResLen></mretxn:AmexAdtlResLen>
    <mretxn:AmexAdtlResDat></mretxn:AmexAdtlResDat>
    <mretxn:AmexAvsResult></mretxn:AmexAvsResult>
    <mretxn:AmexSecCtlResult></mretxn:AmexSecCtlResult>
    <mretxn:AmexAdtlDataLen></mretxn:AmexAdtlDataLen>
    <mretxn:AmexAdtlData></mretxn:AmexAdtlData>
    <mretxn:AmexStipendSent></mretxn:AmexStipendSent>
    <mretxn:AmexStipendParm></mretxn:AmexStipendParm>
    <mretxn:AmexStipendSeType></mretxn:AmexStipendSeType>
    <mretxn:AmexStipendMerType></mretxn:AmexStipendMerType>
    <mretxn:AmexStipendHstIndi></mretxn:AmexStipendHstIndi>
    <mretxn:AmexStiprSent></mretxn:AmexStiprSent>
    <mretxn:AmexStiprParm></mretxn:AmexStiprParm>
    <mretxn:AmexOrigDataLen></mretxn:AmexOrigDataLen>
    <mretxn:AmexODMsgType></mretxn:AmexODMsgType>
    <mretxn:AmexODSysTrace></mretxn:AmexODSysTrace>
    <mretxn:AmexODLclDateTime></mretxn:AmexODLclDateTime>
    <mretxn:AmexODAcqId></mretxn:AmexODAcqId>
    <mretxn:AmexVli></mretxn:AmexVli>
    <mretxn:AmexPriId></mretxn:AmexPriId>
    <mretxn:AmexSecId></mretxn:AmexSecId>
    <mretxn:AmexEci></mretxn:AmexEci>
    <mretxn:AmexAevvRstl></mretxn:AmexAevvRstl>
    <mretxn:AmexAevvId></mretxn:AmexAevvId>
    <mretxn:AmexSub1></mretxn:AmexSub1>
    <mretxn:AmexSub2></mretxn:AmexSub2>
    <mretxn:XID></mretxn:XID>
    <mretxn:XIDValue></mretxn:XIDValue>
    <mretxn:AmexFraudIndLen></mretxn:AmexFraudIndLen>
    <mretxn:AmexFraudInd></mretxn:AmexFraudInd>
    <mretxn:AmexPrivUseLen></mretxn:AmexPrivUseLen>
    <mretxn:AmexPrivUseData></mretxn:AmexPrivUseData>
    <mretxn:AmexEadSvcId></mretxn:AmexEadSvcId>
    <mretxn:AmexEadReq></mretxn:AmexEadReq>
    <mretxn:AmexEadPostlCd></mretxn:AmexEadPostlCd>
    <mretxn:AmexEadAddrNbrs></mretxn:AmexEadAddrNbrs>
    <mretxn:AmexOptionalDataLen></mretxn:AmexOptionalDataLen>
    <mretxn:AmexOptionalData></mretxn:AmexOptionalData>
    <mretxn:AmexOptional01To30></mretxn:AmexOptional01To30>
    <mretxn:AmexOptional31To60></mretxn:AmexOptional31To60>
    <mretxn:AmexAdtlData2></mretxn:AmexAdtlData2>
    <mretxn:AuthAdtlDataLen></mretxn:AuthAdtlDataLen>
    <mretxn:AmexIccVerHdrName></mretxn:AmexIccVerHdrName>
    <mretxn:AmexIccVerHdrNbr></mretxn:AmexIccVerHdrNbr>
    <mretxn:AmexApplCrytData></mretxn:AmexApplCrytData>
    <mretxn:AmexIssApplLng></mretxn:AmexIssApplLng>
    <mretxn:AmexIssApplData></mretxn:AmexIssApplData>
    <mretxn:AmexUnpredNbr></mretxn:AmexUnpredNbr>
    <mretxn:AmexAppTranCntr></mretxn:AmexAppTranCntr>
    <mretxn:AmexTvrData></mretxn:AmexTvrData>
    <mretxn:AmexTranDate></mretxn:AmexTranDate>
    <mretxn:AmexTranType></mretxn:AmexTranType>
    <mretxn:AmexAmtAuth></mretxn:AmexAmtAuth>
    <mretxn:AmexTranCurrCode></mretxn:AmexTranCurrCode>
    <mretxn:AmexTermCntryCd></mretxn:AmexTermCntryCd>
    <mretxn:AmexAppIntrData></mretxn:AmexAppIntrData>
    <mretxn:AmexAmtOth></mretxn:AmexAmtOth>
    <mretxn:AmexPanSeqNbr></mretxn:AmexPanSeqNbr>
    <mretxn:AmexCrytInfoDat></mretxn:AmexCrytInfoDat>
    <mretxn:AmexRspAuthTag></mretxn:AmexRspAuthTag>
    <mretxn:AmexRspAuthlen></mretxn:AmexRspAuthlen>
    <mretxn:AmexRspAuthData></mretxn:AmexRspAuthData>
    <mretxn:AmexRspScriptTag></mretxn:AmexRspScriptTag>
    <mretxn:AmexRspScriptLen></mretxn:AmexRspScriptLen>
    <mretxn:AmexRspScriptData></mretxn:AmexRspScriptData>
    <mretxn:PINVerifyIndicator></mretxn:PINVerifyIndicator>
    <mretxn:AfewsTransactionType></mretxn:AfewsTransactionType>
    <mretxn:NFCAssociatedFlag></mretxn:NFCAssociatedFlag>
    <mretxn:TransactionChannelType></mretxn:TransactionChannelType>
    <mretxn:TransactionOriginID></mretxn:TransactionOriginID>
    <mretxn:CUPCheck></mretxn:CUPCheck>
    <mretxn:CUPTaxID></mretxn:CUPTaxID>
    <mretxn:SafetyNetIndicator></mretxn:SafetyNetIndicator>
  </mretxn:TransactionCard>
</mretxn:Transaction>
