<?xml version="1.0" encoding="UTF-8" standalone="no"?>
<configuration>
    <property>
        <name>fs.defaultFS</name>
        <value>hdfs://nameservice1</value>
    </property>
    <property>
        <name>dfs.nameservices</name>
        <value>nameservice1</value>
    </property>
    <property>
        <name>dfs.ha.namenodes.nameservice1</name>
        <value>nn1,nn2</value>
    </property>
        <property>
        <name>dfs.namenode.rpc-address.nameservice1.nn2</name>
        <value>cdh-hp-001:8020</value>
    </property>
    <property>
        <name>dfs.namenode.rpc-address.nameservice1.nn1</name>
        <value>cdh-hp-002:8020</value>
    </property>
    <property>
        <name>dfs.client.failover.proxy.provider.nameservice1</name>
        <value>org.apache.hadoop.hdfs.server.namenode.ha.ConfiguredFailoverProxyProvider</value>
    </property>
</configuration>
