<?xml version="1.0" encoding="UTF-8"?>
<!DOCTYPE log4j:configuration PUBLIC "-//APACHE//DTD LOG4J 1.2//EN" "log4j.dtd">
<log4j:configuration xmlns:log4j="http://jakarta.apache.org/log4j/">

    <!-- Appenders -->
    <appender name="console" class="org.apache.log4j.ConsoleAppender">
        <param name="Target" value="System.out" />
        <layout class="org.apache.log4j.PatternLayout">
            <param name="ConversionPattern" value="%d{ISO8601} %-5p[%t]: %c - %m%n" />
        </layout>
    </appender>

    <!-- Application Loggers -->
    <logger name="JdbcDbStorer">
        <level value="debug" />
    </logger>
    <logger name="RequestAPM">
        <level value="trace" />
    </logger>
    <!-- Root Logger -->
    <root>
        <priority value="debug" />
        <appender-ref ref="console" />
    </root>

</log4j:configuration>
